name,location,age,quote
John,United Kingdom,42,i love the united kingdom
Mary,United States,36,i want more telescopes
A,United States,36,i want more telescopes
V,United States,36,i want more telescopes
C,United States,36,i want more telescopes
D,United States,36,i want more telescopes
E,United States,36,i want more telescopes
F,United States,36,i want more telescopes
G,United States,36,i want more telescopes
name,location,age,quote
John,United Kingdom,42,i love the united kingdom
Mary,United States,36,i want more telescopes
A,United States,36,i want more telescopes
V,United States,36,i want more telescopes
C,United States,36,i want more telescopes
D,United States,36,i want more telescopes
E,United States,36,i want more telescopes
F,United States,36,i want more telescopes
G,United States,36,i want more telescopes
name,location,age,quote
John,United Kingdom,42,i love the united kingdom
Mary,United States,36,i want more telescopes
A,United States,36,i want more telescopes
V,United States,36,i want more telescopes
C,United States,36,i want more telescopes
D,United States,36,i want more telescopes
E,United States,36,i want more telescopes
F,United States,36,i want more telescopes
G,United States,36,i want more telescopes
name,location,age,quote
John,United Kingdom,42,i love the united kingdom
Mary,United States,36,i want more telescopes
A,United States,36,i want more telescopes
V,United States,36,i want more telescopes
C,United States,36,i want more telescopes
D,United States,36,i want more telescopes
E,United States,36,i want more telescopes
F,United States,36,i want more telescopes
G,United States,36,i want more telescopes
name,location,age,quote
John,United Kingdom,42,i love the united kingdom
Mary,United States,36,i want more telescopes
A,United States,36,i want more telescopes
V,United States,36,i want more telescopes
C,United States,36,i want more telescopes
D,United States,36,i want more telescopes
E,United States,36,i want more telescopes
F,United States,36,i want more telescopes
G,United States,36,i want more telescopes
name,location,age,quote
John,United Kingdom,42,i love the united kingdom
Mary,United States,36,i want more telescopes
A,United States,36,i want more telescopes
V,United States,36,i want more telescopes
C,United States,36,i want more telescopes
D,United States,36,i want more telescopes
E,United States,36,i want more telescopes
F,United States,36,i want more telescopes
G,United States,36,i want more telescopes
name,location,age,quote
John,United Kingdom,42,i love the united kingdom
Mary,United States,36,i want more telescopes
A,United States,36,i want more telescopes
V,United States,36,i want more telescopes
C,United States,36,i want more telescopes
D,United States,36,i want more telescopes
E,United States,36,i want more telescopes
F,United States,36,i want more telescopes
G,United States,36,i want more telescopes
name,location,age,quote
John,United Kingdom,42,i love the united kingdom
Mary,United States,36,i want more telescopes
A,United States,36,i want more telescopes
V,United States,36,i want more telescopes
C,United States,36,i want more telescopes
D,United States,36,i want more telescopes
E,United States,36,i want more telescopes
F,United States,36,i want more telescopes
G,United States,36,i want more telescopes
G,United States,36,i want more telescopes
name,location,age,quote
John,United Kingdom,42,i love the united kingdom
Mary,United States,36,i want more telescopes
A,United States,36,i want more telescopes
V,United States,36,i want more telescopes
C,United States,36,i want more telescopes
D,United States,36,i want more telescopes
E,United States,36,i want more telescopes
F,United States,36,i want more telescopes
G,United States,36,i want more telescopes
name,location,age,quote
John,United Kingdom,42,i love the united kingdom
Mary,United States,36,i want more telescopes
A,United States,36,i want more telescopes
V,United States,36,i want more telescopes
C,United States,36,i want more telescopes
D,United States,36,i want more telescopes
E,United States,36,i want more telescopes
F,United States,36,i want more telescopes
